stride_kib,base,thp,improvement_ns( base - thp )
4,85.604321,46.372504,39.231817
64,60.397675,73.271767,-12.874091999999997
1024,75.251648,49.3479,25.903748
